{"Fecha":"10\/11\/2022 12:43:24","ListaEESSPrecio":[{"C.P.":"02250","Dirección":"AVENIDA CASTILLA LA MANCHA, 26","Horario":"L-D: 07:00-22:00","Latitud":"39,211417","Localidad":"ABENGIBRE","Longitud (WGS84)":"-1,539167","Margen":"D","Municipio":"Abengibre","Precio Biodiesel":"","Precio Bioetanol":"","Precio Gas Natural Comprimido":"","Precio Gas Natural Licuado":"","Precio Gases licuados del petróleo":"","Precio Gasoleo A":"1,929","Precio Gasoleo B":"1,430","Precio Gasoleo Premium":"","Precio Gasolina 95 E10":"","Precio Gasolina 95 E5":"1,749","Precio Gasolina 95 E5 Premium":"","Precio Gasolina 98 E10":"","Precio Gasolina 98 E5":"","Precio Hidrogeno":"","Provincia":"ALBACETE","Remisión":"dm","Rótulo":"Nº 10.935","Tipo Venta":"P","% BioEtanol":"0,0","% Éster metílico":"0,0","IDEESS":"4375","IDMunicipio":"52","IDProvincia":"02","IDCCAA":"07"},{"C.P.":"02152","Dirección":"CR CM-332, 46,4","Horario":"L-D: 7:00-23:00","Latitud":"39,100389","Localidad":"ALATOZ","Longitud (WGS84)":"-1,346083","Margen":"I","Municipio":"Alatoz","Precio Biodiesel":"","Precio Bioetanol":"","Precio Gas Natural Comprimido":"","Precio Gas Natural Licuado":"","Precio Gases licuados del petróleo":"","Precio Gasoleo A":"2,040","Precio Gasoleo B":"","Precio Gasoleo Premium":"2,300","Precio Gasolina 95 E10":"","Precio Gasolina 95 E5":"1,909","Precio Gasolina 95 E5 Premium":"","Precio Gasolina 98 E10":"","Precio Gasolina 98 E5":"2,200","Precio Hidrogeno":"","Provincia":"ALBACETE","Remisión":"dm","Rótulo":"REPSOL","Tipo Venta":"P","% BioEtanol":"0,0","% Éster metílico":"0,0","IDEESS":"5122","IDMunicipio":"53","IDProvincia":"02","IDCCAA":"07"},{"C.P.":"02001","Dirección":"CALLE PRINCIPE DE ASTURIAS (POLÍGONO DE ROMICA), 5","Horario":"L-D: 06:00-21:30","Latitud":"39,054694","Localidad":"ALBACETE","Longitud (WGS84)":"-1,832000","Margen":"I","Municipio":"Albacete","Precio Biodiesel":"","Precio Bioetanol":"","Precio Gas Natural Comprimido":"","Precio Gas Natural Licuado":"","Precio Gases licuados del petróleo":"","Precio Gasoleo A":"2,019","Precio Gasoleo B":"","Precio Gasoleo Premium":"2,109","Precio Gasolina 95 E10":"","Precio Gasolina 95 E5":"1,819","Precio Gasolina 95 E5 Premium":"","Precio Gasolina 98 E10":"","Precio Gasolina 98 E5":"1,961","Precio Hidrogeno":"","Provincia":"ALBACETE","Remisión":"OM","Rótulo":"BP ROMICA","Tipo Venta":"P","% BioEtanol":"0,0","% Éster metílico":"0,0","IDEESS":"12054","IDMunicipio":"54","IDProvincia":"02","IDCCAA":"07"},{"C.P.":"02001","Dirección":"CALLE FEDERICO GARCIA LORCA, 1","Horario":"L-D: 24H","Latitud":"39,000861","Localidad":"ALBACETE","Longitud (WGS84)":"-1,849833","Margen":"D","Municipio":"Albacete","Precio Biodiesel":"","Precio Bioetanol":"","Precio Gas Natural Comprimido":"","Precio Gas Natural Licuado":"","Precio Gases licuados del petróleo":"","Precio Gasoleo A":"1,887","Precio Gasoleo B":"","Precio Gasoleo Premium":"","Precio Gasolina 95 E10":"","Precio Gasolina 95 E5":"1,687","Precio Gasolina 95 E5 Premium":"","Precio Gasolina 98 E10":"","Precio Gasolina 98 E5":"","Precio Hidrogeno":"","Provincia":"ALBACETE","Remisión":"dm","Rótulo":"PLENOIL","Tipo Venta":"P","% BioEtanol":"0,0","% Éster metílico":"0,0","IDEESS":"13933","IDMunicipio":"54","IDProvincia":"02","IDCCAA":"07"},{"C.P.":"02001","Dirección":"AVENIDA 1º DE MAYO, S\/N","Horario":"L-S: 08:00-22:00; D: 09:00-21:00","Latitud":"38,985667","Localidad":"ALBACETE","Longitud (WGS84)":"-1,868500","Margen":"N","Municipio":"Albacete","Precio Biodiesel":"","Precio Bioetanol":"","Precio Gas Natural Comprimido":"","Precio Gas Natural Licuado":"","Precio Gases licuados del petróleo":"","Precio Gasoleo A":"2,019","Precio Gasoleo B":"","Precio Gasoleo Premium":"2,059","Precio Gasolina 95 E10":"","Precio Gasolina 95 E5":"1,859","Precio Gasolina 95 E5 Premium":"","Precio Gasolina 98 E10":"","Precio Gasolina 98 E5":"1,959","Precio Hidrogeno":"","Provincia":"ALBACETE","Remisión":"dm","Rótulo":"CARREFOUR","Tipo Venta":"P","% BioEtanol":"0,0","% Éster metílico":"0,0","IDEESS":"10765","IDMunicipio":"54","IDProvincia":"02","IDCCAA":"07"}],"Nota":"Archivo de todos los productos en todas las estaciones de servicio. La actualización de precios se realiza cada media hora, con los precios en vigor en ese momento.","ResultadoConsulta":"OK"}